function,deployment_type,example,invocation,phase,memory_mb,metric,value
DynamoQueryClr,StandardCLR,dynamo-query,1,cold,512,DurationMs,945.23222
DynamoQueryClr,StandardCLR,dynamo-query,1,cold,512,ColdStartMs,1190.626648
DynamoQueryClr,StandardCLR,dynamo-query,1,cold,512,MemoryWorkingSetMb,80.875
DynamoQueryClr,StandardCLR,dynamo-query,1,cold,512,ManagedHeapMb,2.399017333984375
DynamoQueryClr,StandardCLR,dynamo-query,1,cold,512,InitDurationMs,261.92
DynamoQueryClr,StandardCLR,dynamo-query,2,warm,512,DurationMs,4.575466
DynamoQueryClr,StandardCLR,dynamo-query,2,warm,512,WarmStartMs,4.575466
DynamoQueryClr,StandardCLR,dynamo-query,2,warm,512,MemoryWorkingSetMb,81.62109375
DynamoQueryClr,StandardCLR,dynamo-query,2,warm,512,ManagedHeapMb,1.8488922119140625
DynamoQueryClr,StandardCLR,dynamo-query,3,warm,512,DurationMs,2.390712
DynamoQueryClr,StandardCLR,dynamo-query,3,warm,512,WarmStartMs,2.390712
DynamoQueryClr,StandardCLR,dynamo-query,3,warm,512,MemoryWorkingSetMb,82.39453125
DynamoQueryClr,StandardCLR,dynamo-query,3,warm,512,ManagedHeapMb,2.0055313110351562
DynamoQueryClr,StandardCLR,dynamo-query,4,warm,512,DurationMs,2.847943
DynamoQueryClr,StandardCLR,dynamo-query,4,warm,512,WarmStartMs,2.847943
DynamoQueryClr,StandardCLR,dynamo-query,4,warm,512,MemoryWorkingSetMb,82.39453125
DynamoQueryClr,StandardCLR,dynamo-query,4,warm,512,ManagedHeapMb,2.095672607421875
DynamoQueryClr,StandardCLR,dynamo-query,5,warm,512,DurationMs,33.312919
DynamoQueryClr,StandardCLR,dynamo-query,5,warm,512,WarmStartMs,33.312919
DynamoQueryClr,StandardCLR,dynamo-query,5,warm,512,MemoryWorkingSetMb,83.21484375
DynamoQueryClr,StandardCLR,dynamo-query,5,warm,512,ManagedHeapMb,2.189056396484375
DynamoQueryClr,StandardCLR,dynamo-query,6,warm,512,DurationMs,2.860546
DynamoQueryClr,StandardCLR,dynamo-query,6,warm,512,WarmStartMs,2.860546
DynamoQueryClr,StandardCLR,dynamo-query,6,warm,512,MemoryWorkingSetMb,83.27734375
DynamoQueryClr,StandardCLR,dynamo-query,6,warm,512,ManagedHeapMb,2.2869949340820312
DynamoQuerySnapStart,SnapStart,dynamo-query,1,cold,512,DurationMs,57.200655
DynamoQuerySnapStart,SnapStart,dynamo-query,1,cold,512,ColdStartMs,137.300427
DynamoQuerySnapStart,SnapStart,dynamo-query,1,cold,512,MemoryWorkingSetMb,86.0859375
DynamoQuerySnapStart,SnapStart,dynamo-query,1,cold,512,ManagedHeapMb,1.6487884521484375
DynamoQuerySnapStart,SnapStart,dynamo-query,1,cold,512,RestoreDurationMs,781.33
DynamoQuerySnapStart,SnapStart,dynamo-query,2,warm,512,DurationMs,2.369653
DynamoQuerySnapStart,SnapStart,dynamo-query,2,warm,512,WarmStartMs,2.369653
DynamoQuerySnapStart,SnapStart,dynamo-query,2,warm,512,MemoryWorkingSetMb,86.35546875
DynamoQuerySnapStart,SnapStart,dynamo-query,2,warm,512,ManagedHeapMb,2.508209228515625
DynamoQuerySnapStart,SnapStart,dynamo-query,3,warm,512,DurationMs,2.599174
DynamoQuerySnapStart,SnapStart,dynamo-query,3,warm,512,WarmStartMs,2.599174
DynamoQuerySnapStart,SnapStart,dynamo-query,3,warm,512,MemoryWorkingSetMb,86.35546875
DynamoQuerySnapStart,SnapStart,dynamo-query,3,warm,512,ManagedHeapMb,2.5864791870117188
DynamoQuerySnapStart,SnapStart,dynamo-query,4,warm,512,DurationMs,2.703998
DynamoQuerySnapStart,SnapStart,dynamo-query,4,warm,512,WarmStartMs,2.703998
DynamoQuerySnapStart,SnapStart,dynamo-query,4,warm,512,MemoryWorkingSetMb,86.35546875
DynamoQuerySnapStart,SnapStart,dynamo-query,4,warm,512,ManagedHeapMb,2.6724929809570312
DynamoQuerySnapStart,SnapStart,dynamo-query,5,warm,512,DurationMs,30.931389
DynamoQuerySnapStart,SnapStart,dynamo-query,5,warm,512,WarmStartMs,30.931389
DynamoQuerySnapStart,SnapStart,dynamo-query,5,warm,512,MemoryWorkingSetMb,87.265625
DynamoQuerySnapStart,SnapStart,dynamo-query,5,warm,512,ManagedHeapMb,2.753875732421875
DynamoQuerySnapStart,SnapStart,dynamo-query,6,warm,512,DurationMs,2.584537
DynamoQuerySnapStart,SnapStart,dynamo-query,6,warm,512,WarmStartMs,2.584537
DynamoQuerySnapStart,SnapStart,dynamo-query,6,warm,512,MemoryWorkingSetMb,87.265625
DynamoQuerySnapStart,SnapStart,dynamo-query,6,warm,512,ManagedHeapMb,2.8848953247070312
DynamoQueryNativeAot,NativeAOT,dynamo-query,1,cold,512,DurationMs,191.915994
DynamoQueryNativeAot,NativeAOT,dynamo-query,1,cold,512,ColdStartMs,229.340208
DynamoQueryNativeAot,NativeAOT,dynamo-query,1,cold,512,MemoryWorkingSetMb,21.17578125
DynamoQueryNativeAot,NativeAOT,dynamo-query,1,cold,512,ManagedHeapMb,2.0069351196289062
DynamoQueryNativeAot,NativeAOT,dynamo-query,1,cold,512,InitDurationMs,77.41
DynamoQueryNativeAot,NativeAOT,dynamo-query,2,warm,512,DurationMs,15.997884
DynamoQueryNativeAot,NativeAOT,dynamo-query,2,warm,512,WarmStartMs,15.997884
DynamoQueryNativeAot,NativeAOT,dynamo-query,2,warm,512,MemoryWorkingSetMb,22.734375
DynamoQueryNativeAot,NativeAOT,dynamo-query,2,warm,512,ManagedHeapMb,0.5373306274414062
DynamoQueryNativeAot,NativeAOT,dynamo-query,3,warm,512,DurationMs,1.843682
DynamoQueryNativeAot,NativeAOT,dynamo-query,3,warm,512,WarmStartMs,1.843682
DynamoQueryNativeAot,NativeAOT,dynamo-query,3,warm,512,MemoryWorkingSetMb,22.96875
DynamoQueryNativeAot,NativeAOT,dynamo-query,3,warm,512,ManagedHeapMb,0.6236038208007812
DynamoQueryNativeAot,NativeAOT,dynamo-query,4,warm,512,DurationMs,2.11048
DynamoQueryNativeAot,NativeAOT,dynamo-query,4,warm,512,WarmStartMs,2.11048
DynamoQueryNativeAot,NativeAOT,dynamo-query,4,warm,512,MemoryWorkingSetMb,22.96875
DynamoQueryNativeAot,NativeAOT,dynamo-query,4,warm,512,ManagedHeapMb,0.7098312377929688
DynamoQueryNativeAot,NativeAOT,dynamo-query,5,warm,512,DurationMs,3.092968
DynamoQueryNativeAot,NativeAOT,dynamo-query,5,warm,512,WarmStartMs,3.092968
DynamoQueryNativeAot,NativeAOT,dynamo-query,5,warm,512,MemoryWorkingSetMb,22.96875
DynamoQueryNativeAot,NativeAOT,dynamo-query,5,warm,512,ManagedHeapMb,0.8365097045898438
DynamoQueryNativeAot,NativeAOT,dynamo-query,6,warm,512,DurationMs,2.139216
DynamoQueryNativeAot,NativeAOT,dynamo-query,6,warm,512,WarmStartMs,2.139216
DynamoQueryNativeAot,NativeAOT,dynamo-query,6,warm,512,MemoryWorkingSetMb,22.96875
DynamoQueryNativeAot,NativeAOT,dynamo-query,6,warm,512,ManagedHeapMb,0.9150848388671875
ImageProcessingClr,StandardCLR,image-processing,1,cold,512,DurationMs,6198.552295
ImageProcessingClr,StandardCLR,image-processing,1,cold,512,ColdStartMs,6458.04415
ImageProcessingClr,StandardCLR,image-processing,1,cold,512,MemoryWorkingSetMb,100.33203125
ImageProcessingClr,StandardCLR,image-processing,1,cold,512,ManagedHeapMb,2.9823226928710938
ImageProcessingClr,StandardCLR,image-processing,1,cold,512,InitDurationMs,262.25
ImageProcessingClr,StandardCLR,image-processing,2,warm,512,DurationMs,3079.994958
ImageProcessingClr,StandardCLR,image-processing,2,warm,512,WarmStartMs,3079.994958
ImageProcessingClr,StandardCLR,image-processing,2,warm,512,MemoryWorkingSetMb,106.2421875
ImageProcessingClr,StandardCLR,image-processing,2,warm,512,ManagedHeapMb,5.8644561767578125
ImageProcessingClr,StandardCLR,image-processing,3,warm,512,DurationMs,2600.348468
ImageProcessingClr,StandardCLR,image-processing,3,warm,512,WarmStartMs,2600.348468
ImageProcessingClr,StandardCLR,image-processing,3,warm,512,MemoryWorkingSetMb,108.07421875
ImageProcessingClr,StandardCLR,image-processing,3,warm,512,ManagedHeapMb,6.182487487792969
ImageProcessingClr,StandardCLR,image-processing,4,warm,512,DurationMs,2767.666055
ImageProcessingClr,StandardCLR,image-processing,4,warm,512,WarmStartMs,2767.666055
ImageProcessingClr,StandardCLR,image-processing,4,warm,512,MemoryWorkingSetMb,108.875
ImageProcessingClr,StandardCLR,image-processing,4,warm,512,ManagedHeapMb,6.767143249511719
ImageProcessingClr,StandardCLR,image-processing,5,warm,512,DurationMs,2403.631553
ImageProcessingClr,StandardCLR,image-processing,5,warm,512,WarmStartMs,2403.631553
ImageProcessingClr,StandardCLR,image-processing,5,warm,512,MemoryWorkingSetMb,109.8671875
ImageProcessingClr,StandardCLR,image-processing,5,warm,512,ManagedHeapMb,7.142097473144531
ImageProcessingClr,StandardCLR,image-processing,6,warm,512,DurationMs,2536.533108
ImageProcessingClr,StandardCLR,image-processing,6,warm,512,WarmStartMs,2536.533108
ImageProcessingClr,StandardCLR,image-processing,6,warm,512,MemoryWorkingSetMb,110.23046875
ImageProcessingClr,StandardCLR,image-processing,6,warm,512,ManagedHeapMb,7.398536682128906
ImageProcessingSnapStart,SnapStart,image-processing,1,cold,512,DurationMs,3539.455544
ImageProcessingSnapStart,SnapStart,image-processing,1,cold,512,ColdStartMs,3664.762227
ImageProcessingSnapStart,SnapStart,image-processing,1,cold,512,MemoryWorkingSetMb,104.27734375
ImageProcessingSnapStart,SnapStart,image-processing,1,cold,512,ManagedHeapMb,3.114837646484375
ImageProcessingSnapStart,SnapStart,image-processing,1,cold,512,RestoreDurationMs,785.38
ImageProcessingSnapStart,SnapStart,image-processing,2,warm,512,DurationMs,2268.660242
ImageProcessingSnapStart,SnapStart,image-processing,2,warm,512,WarmStartMs,2268.660242
ImageProcessingSnapStart,SnapStart,image-processing,2,warm,512,MemoryWorkingSetMb,107.93359375
ImageProcessingSnapStart,SnapStart,image-processing,2,warm,512,ManagedHeapMb,6.341438293457031
ImageProcessingSnapStart,SnapStart,image-processing,3,warm,512,DurationMs,2447.006699
ImageProcessingSnapStart,SnapStart,image-processing,3,warm,512,WarmStartMs,2447.006699
ImageProcessingSnapStart,SnapStart,image-processing,3,warm,512,MemoryWorkingSetMb,109.015625
ImageProcessingSnapStart,SnapStart,image-processing,3,warm,512,ManagedHeapMb,6.1397857666015625
ImageProcessingSnapStart,SnapStart,image-processing,4,warm,512,DurationMs,1927.571922
ImageProcessingSnapStart,SnapStart,image-processing,4,warm,512,WarmStartMs,1927.571922
ImageProcessingSnapStart,SnapStart,image-processing,4,warm,512,MemoryWorkingSetMb,111.265625
ImageProcessingSnapStart,SnapStart,image-processing,4,warm,512,ManagedHeapMb,7.4514312744140625
ImageProcessingSnapStart,SnapStart,image-processing,5,warm,512,DurationMs,2062.803175
ImageProcessingSnapStart,SnapStart,image-processing,5,warm,512,WarmStartMs,2062.803175
ImageProcessingSnapStart,SnapStart,image-processing,5,warm,512,MemoryWorkingSetMb,111.0703125
ImageProcessingSnapStart,SnapStart,image-processing,5,warm,512,ManagedHeapMb,7.538543701171875
ImageProcessingSnapStart,SnapStart,image-processing,6,warm,512,DurationMs,2229.563051
ImageProcessingSnapStart,SnapStart,image-processing,6,warm,512,WarmStartMs,2229.563051
ImageProcessingSnapStart,SnapStart,image-processing,6,warm,512,MemoryWorkingSetMb,114.18359375
ImageProcessingSnapStart,SnapStart,image-processing,6,warm,512,ManagedHeapMb,8.457237243652344
ImageProcessingNativeAot,NativeAOT,image-processing,1,cold,512,DurationMs,1718.319896
ImageProcessingNativeAot,NativeAOT,image-processing,1,cold,512,ColdStartMs,1766.237086
ImageProcessingNativeAot,NativeAOT,image-processing,1,cold,512,MemoryWorkingSetMb,34.37890625
ImageProcessingNativeAot,NativeAOT,image-processing,1,cold,512,ManagedHeapMb,2.4159927368164062
ImageProcessingNativeAot,NativeAOT,image-processing,1,cold,512,InitDurationMs,94.7
ImageProcessingNativeAot,NativeAOT,image-processing,2,warm,512,DurationMs,1427.799338
ImageProcessingNativeAot,NativeAOT,image-processing,2,warm,512,WarmStartMs,1427.799338
ImageProcessingNativeAot,NativeAOT,image-processing,2,warm,512,MemoryWorkingSetMb,36.69921875
ImageProcessingNativeAot,NativeAOT,image-processing,2,warm,512,ManagedHeapMb,3.5430984497070312
ImageProcessingNativeAot,NativeAOT,image-processing,3,warm,512,DurationMs,1422.990865
ImageProcessingNativeAot,NativeAOT,image-processing,3,warm,512,WarmStartMs,1422.990865
ImageProcessingNativeAot,NativeAOT,image-processing,3,warm,512,MemoryWorkingSetMb,37.4609375
ImageProcessingNativeAot,NativeAOT,image-processing,3,warm,512,ManagedHeapMb,4.079826354980469
ImageProcessingNativeAot,NativeAOT,image-processing,4,warm,512,DurationMs,1408.277408
ImageProcessingNativeAot,NativeAOT,image-processing,4,warm,512,WarmStartMs,1408.277408
ImageProcessingNativeAot,NativeAOT,image-processing,4,warm,512,MemoryWorkingSetMb,37.4609375
ImageProcessingNativeAot,NativeAOT,image-processing,4,warm,512,ManagedHeapMb,4.624229431152344
ImageProcessingNativeAot,NativeAOT,image-processing,5,warm,512,DurationMs,1364.986327
ImageProcessingNativeAot,NativeAOT,image-processing,5,warm,512,WarmStartMs,1364.986327
ImageProcessingNativeAot,NativeAOT,image-processing,5,warm,512,MemoryWorkingSetMb,37.4609375
ImageProcessingNativeAot,NativeAOT,image-processing,5,warm,512,ManagedHeapMb,5.1542205810546875
ImageProcessingNativeAot,NativeAOT,image-processing,6,warm,512,DurationMs,1315.799466
ImageProcessingNativeAot,NativeAOT,image-processing,6,warm,512,WarmStartMs,1315.799466
ImageProcessingNativeAot,NativeAOT,image-processing,6,warm,512,MemoryWorkingSetMb,37.4609375
ImageProcessingNativeAot,NativeAOT,image-processing,6,warm,512,ManagedHeapMb,5.684211730957031
CsvProcessingClr,StandardCLR,csv-processing,1,cold,1024,DurationMs,5224.812325
CsvProcessingClr,StandardCLR,csv-processing,1,cold,1024,ColdStartMs,5385.589054
CsvProcessingClr,StandardCLR,csv-processing,1,cold,1024,MemoryWorkingSetMb,564.390625
CsvProcessingClr,StandardCLR,csv-processing,1,cold,1024,ManagedHeapMb,479.69092559814453
CsvProcessingClr,StandardCLR,csv-processing,1,cold,1024,InitDurationMs,256.84
CsvProcessingClr,StandardCLR,csv-processing,2,warm,1024,DurationMs,3449.146546
CsvProcessingClr,StandardCLR,csv-processing,2,warm,1024,WarmStartMs,3449.146546
CsvProcessingClr,StandardCLR,csv-processing,2,warm,1024,MemoryWorkingSetMb,588.40625
CsvProcessingClr,StandardCLR,csv-processing,2,warm,1024,ManagedHeapMb,480.89354705810547
CsvProcessingClr,StandardCLR,csv-processing,3,warm,1024,DurationMs,3795.067022
CsvProcessingClr,StandardCLR,csv-processing,3,warm,1024,WarmStartMs,3795.067022
CsvProcessingClr,StandardCLR,csv-processing,3,warm,1024,MemoryWorkingSetMb,699.1875
CsvProcessingClr,StandardCLR,csv-processing,3,warm,1024,ManagedHeapMb,606.6277847290039
CsvProcessingClr,StandardCLR,csv-processing,4,warm,1024,DurationMs,3375.814584
CsvProcessingClr,StandardCLR,csv-processing,4,warm,1024,WarmStartMs,3375.814584
CsvProcessingClr,StandardCLR,csv-processing,4,warm,1024,MemoryWorkingSetMb,948.37890625
CsvProcessingClr,StandardCLR,csv-processing,4,warm,1024,ManagedHeapMb,737.1573715209961
CsvProcessingClr,StandardCLR,csv-processing,5,warm,1024,DurationMs,3341.496709
CsvProcessingClr,StandardCLR,csv-processing,5,warm,1024,WarmStartMs,3341.496709
CsvProcessingClr,StandardCLR,csv-processing,5,warm,1024,MemoryWorkingSetMb,637.44140625
CsvProcessingClr,StandardCLR,csv-processing,5,warm,1024,ManagedHeapMb,481.0621032714844
CsvProcessingClr,StandardCLR,csv-processing,6,warm,1024,DurationMs,3208.515564
CsvProcessingClr,StandardCLR,csv-processing,6,warm,1024,WarmStartMs,3208.515564
CsvProcessingClr,StandardCLR,csv-processing,6,warm,1024,MemoryWorkingSetMb,735.8984375
CsvProcessingClr,StandardCLR,csv-processing,6,warm,1024,ManagedHeapMb,606.7552032470703
CsvProcessingSnapStart,SnapStart,csv-processing,1,cold,1024,DurationMs,4920.218264
CsvProcessingSnapStart,SnapStart,csv-processing,1,cold,1024,ColdStartMs,4969.162128
CsvProcessingSnapStart,SnapStart,csv-processing,1,cold,1024,MemoryWorkingSetMb,564.01171875
CsvProcessingSnapStart,SnapStart,csv-processing,1,cold,1024,ManagedHeapMb,480.29085540771484
CsvProcessingSnapStart,SnapStart,csv-processing,1,cold,1024,RestoreDurationMs,867.06
CsvProcessingSnapStart,SnapStart,csv-processing,2,warm,1024,DurationMs,3433.747484
CsvProcessingSnapStart,SnapStart,csv-processing,2,warm,1024,WarmStartMs,3433.747484
CsvProcessingSnapStart,SnapStart,csv-processing,2,warm,1024,MemoryWorkingSetMb,667.26171875
CsvProcessingSnapStart,SnapStart,csv-processing,2,warm,1024,ManagedHeapMb,606.6330642700195
CsvProcessingSnapStart,SnapStart,csv-processing,3,warm,1024,DurationMs,4068.215389
CsvProcessingSnapStart,SnapStart,csv-processing,3,warm,1024,WarmStartMs,4068.215389
CsvProcessingSnapStart,SnapStart,csv-processing,3,warm,1024,MemoryWorkingSetMb,961.09375
CsvProcessingSnapStart,SnapStart,csv-processing,3,warm,1024,ManagedHeapMb,735.4668502807617
CsvProcessingSnapStart,SnapStart,csv-processing,4,warm,1024,DurationMs,2663.92461
CsvProcessingSnapStart,SnapStart,csv-processing,4,warm,1024,WarmStartMs,2663.92461
CsvProcessingSnapStart,SnapStart,csv-processing,4,warm,1024,MemoryWorkingSetMb,634.5234375
CsvProcessingSnapStart,SnapStart,csv-processing,4,warm,1024,ManagedHeapMb,479.4390640258789
CsvProcessingSnapStart,SnapStart,csv-processing,5,warm,1024,DurationMs,2607.060669
CsvProcessingSnapStart,SnapStart,csv-processing,5,warm,1024,WarmStartMs,2607.060669
CsvProcessingSnapStart,SnapStart,csv-processing,5,warm,1024,MemoryWorkingSetMb,695.0859375
CsvProcessingSnapStart,SnapStart,csv-processing,5,warm,1024,ManagedHeapMb,608.9671478271484
CsvProcessingSnapStart,SnapStart,csv-processing,6,warm,1024,DurationMs,2578.960234
CsvProcessingSnapStart,SnapStart,csv-processing,6,warm,1024,WarmStartMs,2578.960234
CsvProcessingSnapStart,SnapStart,csv-processing,6,warm,1024,MemoryWorkingSetMb,723.83203125
CsvProcessingSnapStart,SnapStart,csv-processing,6,warm,1024,ManagedHeapMb,609.1360549926758
CsvProcessingNativeAot,NativeAOT,csv-processing,1,cold,1024,DurationMs,3816.95348
CsvProcessingNativeAot,NativeAOT,csv-processing,1,cold,1024,ColdStartMs,3863.268729
CsvProcessingNativeAot,NativeAOT,csv-processing,1,cold,1024,MemoryWorkingSetMb,500.03515625
CsvProcessingNativeAot,NativeAOT,csv-processing,1,cold,1024,ManagedHeapMb,479.1357650756836
CsvProcessingNativeAot,NativeAOT,csv-processing,1,cold,1024,InitDurationMs,97.95
CsvProcessingNativeAot,NativeAOT,csv-processing,2,warm,1024,DurationMs,3287.803195
CsvProcessingNativeAot,NativeAOT,csv-processing,2,warm,1024,WarmStartMs,3287.803195
CsvProcessingNativeAot,NativeAOT,csv-processing,2,warm,1024,MemoryWorkingSetMb,601.9921875
CsvProcessingNativeAot,NativeAOT,csv-processing,2,warm,1024,ManagedHeapMb,607.2437133789062
CsvProcessingNativeAot,NativeAOT,csv-processing,3,warm,1024,DurationMs,3322.269665
CsvProcessingNativeAot,NativeAOT,csv-processing,3,warm,1024,WarmStartMs,3322.269665
CsvProcessingNativeAot,NativeAOT,csv-processing,3,warm,1024,MemoryWorkingSetMb,731.42578125
CsvProcessingNativeAot,NativeAOT,csv-processing,3,warm,1024,ManagedHeapMb,607.2474212646484
CsvProcessingNativeAot,NativeAOT,csv-processing,4,warm,1024,DurationMs,3169.611933
CsvProcessingNativeAot,NativeAOT,csv-processing,4,warm,1024,WarmStartMs,3169.611933
CsvProcessingNativeAot,NativeAOT,csv-processing,4,warm,1024,MemoryWorkingSetMb,757.14453125
CsvProcessingNativeAot,NativeAOT,csv-processing,4,warm,1024,ManagedHeapMb,606.9532241821289
CsvProcessingNativeAot,NativeAOT,csv-processing,5,warm,1024,DurationMs,2991.175963
CsvProcessingNativeAot,NativeAOT,csv-processing,5,warm,1024,WarmStartMs,2991.175963
CsvProcessingNativeAot,NativeAOT,csv-processing,5,warm,1024,MemoryWorkingSetMb,896.8984375
CsvProcessingNativeAot,NativeAOT,csv-processing,5,warm,1024,ManagedHeapMb,735.3473052978516
CsvProcessingNativeAot,NativeAOT,csv-processing,6,warm,1024,DurationMs,3285.279256
CsvProcessingNativeAot,NativeAOT,csv-processing,6,warm,1024,WarmStartMs,3285.279256
CsvProcessingNativeAot,NativeAOT,csv-processing,6,warm,1024,MemoryWorkingSetMb,500.765625
CsvProcessingNativeAot,NativeAOT,csv-processing,6,warm,1024,ManagedHeapMb,479.1900405883789
GeoSpatialLookupClr,StandardCLR,geospatial-lookup,1,cold,4096,DurationMs,0.431753
GeoSpatialLookupClr,StandardCLR,geospatial-lookup,1,cold,4096,ColdStartMs,1716.647537
GeoSpatialLookupClr,StandardCLR,geospatial-lookup,1,cold,4096,MemoryWorkingSetMb,116.0546875
GeoSpatialLookupClr,StandardCLR,geospatial-lookup,1,cold,4096,ManagedHeapMb,18.39716339111328
GeoSpatialLookupClr,StandardCLR,geospatial-lookup,1,cold,4096,InitDurationMs,1871.55
GeoSpatialLookupClr,StandardCLR,geospatial-lookup,2,warm,4096,DurationMs,0.094555
GeoSpatialLookupClr,StandardCLR,geospatial-lookup,2,warm,4096,WarmStartMs,0.094555
GeoSpatialLookupClr,StandardCLR,geospatial-lookup,2,warm,4096,MemoryWorkingSetMb,118.625
GeoSpatialLookupClr,StandardCLR,geospatial-lookup,2,warm,4096,ManagedHeapMb,17.124893188476562
GeoSpatialLookupClr,StandardCLR,geospatial-lookup,3,warm,4096,DurationMs,0.085019
GeoSpatialLookupClr,StandardCLR,geospatial-lookup,3,warm,4096,WarmStartMs,0.085019
GeoSpatialLookupClr,StandardCLR,geospatial-lookup,3,warm,4096,MemoryWorkingSetMb,118.625
GeoSpatialLookupClr,StandardCLR,geospatial-lookup,3,warm,4096,ManagedHeapMb,17.19818878173828
GeoSpatialLookupClr,StandardCLR,geospatial-lookup,4,warm,4096,DurationMs,0.092585
GeoSpatialLookupClr,StandardCLR,geospatial-lookup,4,warm,4096,WarmStartMs,0.092585
GeoSpatialLookupClr,StandardCLR,geospatial-lookup,4,warm,4096,MemoryWorkingSetMb,118.7890625
GeoSpatialLookupClr,StandardCLR,geospatial-lookup,4,warm,4096,ManagedHeapMb,17.26343536376953
GeoSpatialLookupClr,StandardCLR,geospatial-lookup,5,warm,4096,DurationMs,0.086335
GeoSpatialLookupClr,StandardCLR,geospatial-lookup,5,warm,4096,WarmStartMs,0.086335
GeoSpatialLookupClr,StandardCLR,geospatial-lookup,5,warm,4096,MemoryWorkingSetMb,118.81640625
GeoSpatialLookupClr,StandardCLR,geospatial-lookup,5,warm,4096,ManagedHeapMb,17.31035614013672
GeoSpatialLookupClr,StandardCLR,geospatial-lookup,6,warm,4096,DurationMs,0.087224
GeoSpatialLookupClr,StandardCLR,geospatial-lookup,6,warm,4096,WarmStartMs,0.087224
GeoSpatialLookupClr,StandardCLR,geospatial-lookup,6,warm,4096,MemoryWorkingSetMb,118.81640625
GeoSpatialLookupClr,StandardCLR,geospatial-lookup,6,warm,4096,ManagedHeapMb,17.34874725341797
GeoSpatialLookupSnapStart,SnapStart,geospatial-lookup,1,cold,4096,DurationMs,3.73705
GeoSpatialLookupSnapStart,SnapStart,geospatial-lookup,1,cold,4096,ColdStartMs,68.590056
GeoSpatialLookupSnapStart,SnapStart,geospatial-lookup,1,cold,4096,MemoryWorkingSetMb,115.359375
GeoSpatialLookupSnapStart,SnapStart,geospatial-lookup,1,cold,4096,ManagedHeapMb,18.35065460205078
GeoSpatialLookupSnapStart,SnapStart,geospatial-lookup,1,cold,4096,RestoreDurationMs,720.2
GeoSpatialLookupSnapStart,SnapStart,geospatial-lookup,2,warm,4096,DurationMs,0.124152
GeoSpatialLookupSnapStart,SnapStart,geospatial-lookup,2,warm,4096,WarmStartMs,0.124152
GeoSpatialLookupSnapStart,SnapStart,geospatial-lookup,2,warm,4096,MemoryWorkingSetMb,115.73046875
GeoSpatialLookupSnapStart,SnapStart,geospatial-lookup,2,warm,4096,ManagedHeapMb,19.203758239746094
GeoSpatialLookupSnapStart,SnapStart,geospatial-lookup,3,warm,4096,DurationMs,0.137107
GeoSpatialLookupSnapStart,SnapStart,geospatial-lookup,3,warm,4096,WarmStartMs,0.137107
GeoSpatialLookupSnapStart,SnapStart,geospatial-lookup,3,warm,4096,MemoryWorkingSetMb,117.98046875
GeoSpatialLookupSnapStart,SnapStart,geospatial-lookup,3,warm,4096,ManagedHeapMb,17.156723022460938
GeoSpatialLookupSnapStart,SnapStart,geospatial-lookup,4,warm,4096,DurationMs,0.123725
GeoSpatialLookupSnapStart,SnapStart,geospatial-lookup,4,warm,4096,WarmStartMs,0.123725
GeoSpatialLookupSnapStart,SnapStart,geospatial-lookup,4,warm,4096,MemoryWorkingSetMb,117.98046875
GeoSpatialLookupSnapStart,SnapStart,geospatial-lookup,4,warm,4096,ManagedHeapMb,17.2037353515625
GeoSpatialLookupSnapStart,SnapStart,geospatial-lookup,5,warm,4096,DurationMs,0.144509
GeoSpatialLookupSnapStart,SnapStart,geospatial-lookup,5,warm,4096,WarmStartMs,0.144509
GeoSpatialLookupSnapStart,SnapStart,geospatial-lookup,5,warm,4096,MemoryWorkingSetMb,118.078125
GeoSpatialLookupSnapStart,SnapStart,geospatial-lookup,5,warm,4096,ManagedHeapMb,17.25079345703125
GeoSpatialLookupSnapStart,SnapStart,geospatial-lookup,6,warm,4096,DurationMs,0.123733
GeoSpatialLookupSnapStart,SnapStart,geospatial-lookup,6,warm,4096,WarmStartMs,0.123733
GeoSpatialLookupSnapStart,SnapStart,geospatial-lookup,6,warm,4096,MemoryWorkingSetMb,118.08203125
GeoSpatialLookupSnapStart,SnapStart,geospatial-lookup,6,warm,4096,ManagedHeapMb,17.28997802734375
GeoSpatialLookupNativeAot,NativeAOT,geospatial-lookup,1,cold,4096,DurationMs,0.133087
GeoSpatialLookupNativeAot,NativeAOT,geospatial-lookup,1,cold,4096,ColdStartMs,1844.757938
GeoSpatialLookupNativeAot,NativeAOT,geospatial-lookup,1,cold,4096,MemoryWorkingSetMb,47.9140625
GeoSpatialLookupNativeAot,NativeAOT,geospatial-lookup,1,cold,4096,ManagedHeapMb,16.91175079345703
GeoSpatialLookupNativeAot,NativeAOT,geospatial-lookup,1,cold,4096,InitDurationMs,1900.89
GeoSpatialLookupNativeAot,NativeAOT,geospatial-lookup,2,warm,4096,DurationMs,0.111598
GeoSpatialLookupNativeAot,NativeAOT,geospatial-lookup,2,warm,4096,WarmStartMs,0.111598
GeoSpatialLookupNativeAot,NativeAOT,geospatial-lookup,2,warm,4096,MemoryWorkingSetMb,47.9140625
GeoSpatialLookupNativeAot,NativeAOT,geospatial-lookup,2,warm,4096,ManagedHeapMb,16.97449493408203
GeoSpatialLookupNativeAot,NativeAOT,geospatial-lookup,3,warm,4096,DurationMs,0.113502
GeoSpatialLookupNativeAot,NativeAOT,geospatial-lookup,3,warm,4096,WarmStartMs,0.113502
GeoSpatialLookupNativeAot,NativeAOT,geospatial-lookup,3,warm,4096,MemoryWorkingSetMb,47.9140625
GeoSpatialLookupNativeAot,NativeAOT,geospatial-lookup,3,warm,4096,ManagedHeapMb,17.021507263183594
GeoSpatialLookupNativeAot,NativeAOT,geospatial-lookup,4,warm,4096,DurationMs,0.115012
GeoSpatialLookupNativeAot,NativeAOT,geospatial-lookup,4,warm,4096,WarmStartMs,0.115012
GeoSpatialLookupNativeAot,NativeAOT,geospatial-lookup,4,warm,4096,MemoryWorkingSetMb,47.9140625
GeoSpatialLookupNativeAot,NativeAOT,geospatial-lookup,4,warm,4096,ManagedHeapMb,17.06072235107422
GeoSpatialLookupNativeAot,NativeAOT,geospatial-lookup,5,warm,4096,DurationMs,0.112697
GeoSpatialLookupNativeAot,NativeAOT,geospatial-lookup,5,warm,4096,WarmStartMs,0.112697
GeoSpatialLookupNativeAot,NativeAOT,geospatial-lookup,5,warm,4096,MemoryWorkingSetMb,49.171875
GeoSpatialLookupNativeAot,NativeAOT,geospatial-lookup,5,warm,4096,ManagedHeapMb,12.185317993164062
GeoSpatialLookupNativeAot,NativeAOT,geospatial-lookup,6,warm,4096,DurationMs,0.11319
GeoSpatialLookupNativeAot,NativeAOT,geospatial-lookup,6,warm,4096,WarmStartMs,0.11319
GeoSpatialLookupNativeAot,NativeAOT,geospatial-lookup,6,warm,4096,MemoryWorkingSetMb,49.171875
GeoSpatialLookupNativeAot,NativeAOT,geospatial-lookup,6,warm,4096,ManagedHeapMb,12.232322692871094
